Barry,Kamson,310-555-1222,bkamson@test.com,http://bkamson.test.com,2-Jan,Lorem ipsum dolor sit amet consectetuer adipiscing elit. Quisque sit amet diam et pede tincidunt bibendum. Integer egestas lacinia mauris. Fusce vestibulum malesuada augue.,bkamson.00.jpg
Bobby,LaVarbi,310-555-1227,blavarbi@test.com,http://blavarbi.test.com,25-Aug,Nulla tincidunt dolor et diam. Sed ultricies rhoncus purus. Nunc mollis fringilla erat. Nam congue pharetra nisl.,blavarbi.00.jpg
Brian,Miner,310-555-1215,bminer@test.com,http://bminer.test.com,2-Oct,Pellentesque sed turpis vel nunc viverra tincidunt. Donec ultrices tempor purus. Integer pulvinar turpis sit amet mauris.,bminer.00.jpg
Ben,Tater,310-555-1220,btater@test.com,http://btater.test.com,1-Dec,Mauris vel tellus eu sapien accumsan egestas. Quisque nec libero ut purus molestie ullamcorper. Vivamus sit amet ante et sem lacinia dictum.,btater.00.jpg
Christopher,Lampber,415-555-1214,clampber@test.com,http://clampber.test.com,3-Oct,Nulla tincidunt dolor et diam. Sed ultricies rhoncus purus. Nunc mollis fringilla erat. Nam congue pharetra nisl.,clampber.00.jpg
Carlos,Marg,415-555-1216,cmarg@test.com,http://cmarg.test.com,15-Apr,Vivamus elementum sapien nec dui. Nam sit amet velit vitae quam tincidunt mollis. Praesent viverra arcu a felis. Quisque condimentum leo nec lacus.,cmarg.00.jpg
Carrie,Ryerlar,415-555-1212,cryerlar@test.com,http://cryerlar.test.com,29-Nov,Aenean iaculis quam sed nisi tempor ultricies. Ut pulvinar auctor orci. Aenean venenatis lobortis quam. In placerat risus id lectus.,cryerlar.00.jpg
Denny,Apper,415-555-1212,mger@test.com,http://mger.test.com,4-Feb,Duis feugiat laoreet lorem. Aenean accumsan eros non urna. Fusce molestie mollis sapien. Sed vel turpis in est aliquet tincidunt.,dapper.00.jpg
Dave,Pow,415-555-1216,dpow@test.com,http://dpow.test.com,10-Oct,Praesent rhoncus dapibus nisi. Vivamus congue molestie magna. Vivamus non sapien ac arcu consequat vestibulum.,daven.00.jpg
Dean,Hownson,310-555-1216,shood@test.com,http://shood.test.com,9-Jul,Nunc pharetra libero eget neque. Donec at velit sit amet sem dictum tincidunt. Vivamus consectetuer est et est. Sed vel leo nec erat hendrerit rhoncus.,dhownson.00.jpg
